Date,AAPL,AUTO.L,MU,NVDA,OCDO.L,SGE.L,TSM
2024-07-18,222.2547149658203,801.3823852539062,116.7159423828125,120.89073944091797,392.5,1039.5928955078125,167.5608367919922
2024-07-19,222.3836212158203,801.9822998046875,113.54589080810547,117.73594665527344,378.1000061035156,1044.5909423828125,161.61376953125
2024-07-22,222.03662109375,802.9820556640625,114.55951690673828,123.33671569824219,424.1000061035156,1049.0892333984375,165.10403442382812
2024-07-23,223.07760620117188,803.3818359375,113.53594970703125,122.38827514648438,430.79998779296875,1059.0853271484375,165.56224060058594
2024-07-24,216.6631622314453,806.3810424804688,109.59076690673828,114.06201934814453,411.1000061035156,1040.0927734375,155.79347229003906
2024-07-25,215.62217712402344,793.784423828125,106.77845764160156,112.09525299072266,425.5,1059.585205078125,156.26141357421875
2024-07-26,216.0881805419922,793.9844360351562,108.72621154785156,112.87396240234375,445.8999938964844,1081.57666015625,157.87982177734375
2024-07-29,216.36575317382812,800.1828002929688,107.17595672607422,111.4063720703125,432.6000061035156,1086.07470703125,155.99819946289062
2024-07-30,216.92092895507812,810.9798583984375,101.91902923583984,103.55931854248047,406.5,1070.580810546875,150.6653289794922
2024-07-31,220.17276000976562,815.378662109375,109.13363647460938,116.82743835449219,405.6000061035156,1085.574951171875,161.64305114746094
2024-08-01,216.48471069335938,810.5798950195312,100.8755874633789,109.0302963256836,401.8999938964844,1074.0794677734375,154.21408081054688
2024-08-02,217.97181701660156,791.3851318359375,92.1206283569336,107.09347534179688,393.70001220703125,1045.0906982421875,146.10269165039062
2024-08-05,207.4727783203125,789.3856811523438,89.8548812866211,100.28469848632812,386.5,1014.1028442382812,144.24057006835938
2024-08-06,205.45030212402344,787.986083984375,88.44377136230469,104.07845306396484,381.3999938964844,1017.6015014648438,151.4940185546875
2024-08-07,208.01805114746094,789.185791015625,86.25752258300781,98.74724578857422,390.70001220703125,1014.1028442382812,151.1527862548828
2024-08-08,211.4780731201172,794.1844482421875,91.49458312988281,104.7972640991211,397.79998779296875,1001.6077880859375,160.4243621826172
2024-08-09,214.38291931152344,791.1852416992188,92.49826049804688,104.57762908935547,374.0,994.8104858398438,162.929931640625
2024-08-12,215.91148376464844,797.5834350585938,94.04852294921875,108.84060668945312,376.70001220703125,1005.1064453125,163.42713928222656
2024-08-13,219.6236572265625,797.9833374023438,96.83102416992188,115.94889831542969,378.29998779296875,1014.1028442382812,168.01904296875
2024-08-14,220.0702667236328,810.3800048828125,99.78245544433594,117.88569641113281,377.5,1019.1008911132812,165.70848083496094
2024-08-15,223.0479736328125,812.779296875,106.28157043457031,122.65782928466797,377.0,1032.0958251953125,169.59844970703125
2024-08-16,224.3680877685547,825.5758666992188,107.3150863647461,124.375,379.29998779296875,1015.1024780273438,170.1638946533203
2024-08-19,224.20925903320312,828.5750122070312,107.95108032226562,129.7860565185547,379.20001220703125,1026.5980224609375,171.05108642578125
2024-08-20,224.8246612548828,820.9771728515625,107.3150863647461,127.04061126708984,356.5,1023.5991821289062,167.72659301757812
2024-08-21,224.71546936035156,831.1743774414062,107.65296173095703,128.28857421875,362.79998779296875,1020.1005249023438,167.14163208007812
2024-08-22,222.859375,839.7720336914062,103.6083984375,123.536376953125,356.5,1016.1021118164062,162.26698303222656
2024-08-23,225.15219116210938,843.7708740234375,102.20719909667969,129.15711975097656,360.0,995.81005859375,166.9856414794922
2024-08-26,225.48968505859375,843.7708740234375,98.29183197021484,126.25192260742188,360.0,995.81005859375,164.83103942871094
2024-08-27,226.33335876464844,842.9711303710938,97.2483901977539,128.0889129638672,352.29998779296875,1004.6065673828125,166.27395629882812
2024-08-28,224.8048095703125,845.3704833984375,94.26714324951172,125.40330505371094,338.79998779296875,1004.1067504882812,164.95777893066406
2024-08-29,228.0802459716797,848.8338012695312,94.97270202636719,117.3965072631836,337.8999938964844,1017.1016845703125,164.90904235839844
2024-08-30,227.29612731933594,850.8334350585938,95.63850402832031,119.17357635498047,341.20001220703125,1010.604248046875,167.39508056640625
2024-09-02,227.29612731933594,876.8283081054688,95.63850402832031,119.17357635498047,341.0,1020.1005249023438,167.39508056640625
2024-09-03,221.11248779296875,868.8299560546875,88.0263900756836,107.8222885131836,351.3999938964844,1013.1032104492188,156.46615600585938
2024-09-04,219.206787109375,862.6310424804688,88.7319564819336,106.03523254394531,350.5,986.013916015625,156.8366241455078
2024-09-05,220.7253875732422,865.8305053710938,88.83133697509766,107.0335922241211,351.20001220703125,994.0107421875,159.59568786621094
2024-09-06,219.17698669433594,857.0322265625,85.84014892578125,102.66079711914062,336.0,984.8143920898438,152.88818359375
2024-09-09,219.26632690429688,859.6317138671875,85.73082733154297,106.29480743408203,337.1000061035156,999.4086303710938,158.69876098632812
2024-09-10,218.47227478027344,859.6317138671875,86.30720520019531,107.922119140625,338.70001220703125,995.210205078125,158.3574981689453
2024-09-11,221.00332641601562,855.0325927734375,90.08345794677734,116.71763610839844,325.20001220703125,997.0095825195312,165.96197509765625
2024-09-12,221.11248779296875,861.4313354492188,86.66496276855469,118.95413970947266,319.70001220703125,1037.5938720703125,167.74874877929688
2024-09-13,220.84449768066406,871.8292846679688,90.64988708496094,118.91419219970703,330.79998779296875,1030.596435546875,168.79574584960938
2024-09-16,214.71047973632812,877.42822265625,86.63513946533203,116.59781646728516,337.79998779296875,1017.1016845703125,165.44921875
2024-09-17,215.17697143554688,883.6270141601562,88.17546081542969,115.40966796875,352.8999938964844,1017.6015014648438,163.75637817382812
2024-09-18,219.04794311523438,869.4298095703125,86.8040771484375,113.1931381225586,349.6000061035156,1006.1060180664062,163.68785095214844
2024-09-19,227.1670684814453,884.8267822265625,88.69220733642578,117.68611145019531,359.29998779296875,1032.595703125,172.43588256835938
2024-09-20,226.50205993652344,874.6287841796875,90.33190155029297,115.81903839111328,343.6000061035156,1010.604248046875,170.3418426513672
2024-09-23,224.78494262695312,885.0267333984375,92.98519897460938,116.07862854003906,346.29998779296875,1018.1013793945312,171.0072479248047
2024-09-24,225.67823791503906,883.8269653320312,93.41250610351562,120.68143463134766,357.20001220703125,1025.0985107421875,178.0624237060547
2024-09-25,224.68568420410156,888.026123046875,95.17145538330078,123.31730651855469,352.1000061035156,1014.1028442382812,178.43426513671875
2024-09-26,225.8271484375,876.8283081054688,109.1932601928711,123.84648132324219,366.20001220703125,1024.098876953125,182.81805419921875
2024-09-27,226.09510803222656,873.4290161132812,106.8281478881836,121.21060943603516,384.20001220703125,1036.09423828125,174.14830017089844
2024-09-30,231.26637268066406,867.630126953125,103.06182861328125,121.25054931640625,384.29998779296875,1024.098876953125,169.94064331054688
2024-10-01,224.5269012451172,867.43017578125,99.68307495117188,116.81746673583984,394.20001220703125,1005.6062622070312,168.37503051757812
2024-10-02,225.0926513671875,859.2318115234375,99.22595977783203,118.66458129882812,382.70001220703125,1014.6026611328125,172.02490234375
2024-10-03,223.99090576171875,847.4340209960938,101.18364715576172,122.65834045410156,383.70001220703125,1002.1075439453125,175.62586975097656
2024-10-04,225.1125030517578,846.234375,101.61095428466797,124.72511291503906,389.5,1001.6077880859375,177.2698211669922
2024-10-07,220.04052734375,852.6331176757812,102.38197326660156,127.52073669433594,405.0,1001.1079711914062,180.54786682128906
2024-10-08,224.0901336669922,856.63232421875,102.01387786865234,132.6826934814453,394.8999938964844,1003.107177734375,182.05482482910156
2024-10-09,227.83209228515625,859.8316650390625,101.17818450927734,132.44305419921875,400.70001220703125,1015.1024780273438,183.12139892578125
2024-10-10,227.3358154296875,860.2316284179688,105.14772033691406,134.5996551513672,403.6000061035156,1010.1044311523438,181.79058837890625
2024-10-11,225.85691833496094,869.4298095703125,106.37140655517578,134.58970642089844,394.1000061035156,1010.1044311523438,186.71258544921875
2024-10-14,229.5790252685547,876.8283081054688,107.78411865234375,137.85459899902344,384.5,1025.0985107421875,188.08251953125
2024-10-15,232.1100616455078,877.628173828125,103.78474426269531,131.3946990966797,369.6000061035156,1012.603515625,183.1116180419922
2024-10-16,230.05543518066406,882.627197265625,108.67949676513672,135.50827026367188,361.5,1011.6039428710938,183.45408630371094
2024-10-17,230.4226837158203,890.4256591796875,111.47508239746094,136.7163848876953,359.0,1027.5975341796875,201.41981506347656
2024-10-18,233.25148010253906,885.2266845703125,110.57970428466797,137.7847137451172,366.70001220703125,1040.0927734375,196.46847534179688
2024-10-21,234.72047424316406,878.0281372070312,108.52031707763672,143.48580932617188,354.5,1026.0982666015625,197.61337280273438
2024-10-22,234.10507202148438,876.228515625,107.26678466796875,143.36599731445312,359.70001220703125,1029.596923828125,194.21788024902344
2024-10-23,229.04302978515625,871.62939453125,104.51099395751953,139.34228515625,357.0,1018.6011352539062,196.54676818847656
2024-10-24,228.8544464111328,881.4274291992188,106.3017578125,140.19094848632812,354.6000061035156,1020.600341796875,193.6796875
2024-10-25,229.68820190429688,880.2277221679688,107.3563232421875,141.31918334960938,358.0,1014.6026611328125,199.07139587402344
2024-10-28,231.6633758544922,892.625244140625,105.8441162109375,140.30076599121094,357.29998779296875,1009.6046752929688,190.49948120117188
2024-10-29,231.9313507080078,874.4288330078125,107.62493896484375,141.02963256835938,351.70001220703125,1008.1051635742188,192.71095275878906
2024-10-30,228.38795471191406,865.6304931640625,103.54598236083984,139.12261962890625,350.0,988.2130126953125,190.30377197265625
2024-10-31,224.22911071777344,839.0357666015625,99.13871002197266,132.55287170410156,347.8999938964844,969.0205688476562,186.4483642578125
2024-11-01,221.25144958496094,844.0347900390625,99.21829223632812,135.18875122070312,350.0,984.6144409179688,188.806640625
2024-11-04,220.35812377929688,844.4346923828125,101.2080307006836,135.83775329589844,357.79998779296875,979.616455078125,187.44647216796875
2024-11-05,221.78741455078125,840.2355346679688,104.94873809814453,139.6917266845703,351.79998779296875,989.8123779296875,191.55628967285156
2024-11-06,221.06285095214844,843.2349853515625,111.25621032714844,145.38282775878906,350.6000061035156,1007.6054077148438,189.07083129882812
2024-11-07,225.7874298095703,782.8467407226562,112.8281021118164,148.6477508544922,347.6000061035156,1032.0958251953125,196.86968994140625
2024-11-08,225.51914978027344,777.4478149414062,111.32585906982422,147.39967346191406,341.3999938964844,1041.0924072265625,196.87945556640625
2024-11-11,222.8064727783203,789.2455444335938,108.09252166748047,145.03338623046875,343.5,1074.5791015625,189.8830108642578
2024-11-12,222.8064727783203,792.8447875976562,103.56587219238281,148.0586395263672,331.70001220703125,1057.5859375,187.6519775390625
2024-11-13,223.69082641601562,787.44580078125,99.40731811523438,146.04177856445312,327.20001220703125,1068.5816650390625,182.65170288085938
2024-11-14,226.77113342285156,794.8443603515625,98.67110443115234,146.531005859375,333.0,1077.078125,184.45217895507812
2024-11-15,223.5715789794922,794.8443603515625,95.84568786621094,141.7584991455078,320.20001220703125,1064.083251953125,182.01565551757812
2024-11-18,226.57240295410156,801.2431640625,97.00968933105469,139.93133544921875,313.8999938964844,1078.57763671875,183.45408630371094
2024-11-19,226.8307647705078,802.0430297851562,97.22856140136719,146.7806396484375,316.5,1076.5784912109375,185.59706115722656
2024-11-20,227.5461883544922,801.64306640625,97.86527252197266,145.6623992919922,304.70001220703125,1269.0030517578125,184.315185546875
2024-11-21,227.06924438476562,809.0416259765625,102.23274230957031,146.44119262695312,306.70001220703125,1265.004638671875,187.13336181640625
2024-11-22,228.41065979003906,829.8375244140625,102.11335754394531,141.72854614257812,306.1000061035156,1285.49658203125,185.99827575683594
2024-11-25,231.39161682128906,832.636962890625,103.94393157958984,135.80780029296875,329.29998779296875,1294.4930419921875,181.1056365966797
2024-11-26,233.56771850585938,831.4371948242188,101.27767944335938,136.70639038085938,321.79998779296875,1309.9869384765625,179.8922576904297
2024-11-27,233.43853759765625,835.83642578125,97.69613647460938,135.1288604736328,325.0,1302.4901123046875,177.2991485595703
2024-11-28,233.43853759765625,845.4344482421875,97.69613647460938,135.1288604736328,318.3999938964844,1307.4879150390625,177.2991485595703
2024-11-29,235.8233184814453,838.8357543945312,97.44742584228516,138.03433227539062,315.6000061035156,1311.4864501953125,180.69464111328125
2024-12-02,238.06893920898438,833.2368774414062,98.04435729980469,138.41371154785156,313.5,1313.9854736328125,190.22547912597656
2024-12-03,241.10952758789062,839.0357666015625,99.32772827148438,140.04119873046875,307.6000061035156,1298.9913330078125,194.6190948486328
2024-12-04,241.46725463867188,843.8347778320312,102.67048645019531,144.91354370117188,316.5,1303.4896240234375,196.3804168701172
2024-12-05,241.49705505371094,838.2359008789062,100.3524398803711,144.8436737060547,313.79998779296875,1308.4876708984375,199.91290283203125
2024-12-06,241.29830932617188,844.8345947265625,100.65089416503906,142.2275848388672,317.5,1315.48486328125,198.66041564941406
2024-12-09,245.18350219726562,826.63818359375,102.29243469238281,138.6029815673828,316.0,1302.4901123046875,194.89306640625
2024-12-10,246.19703674316406,824.2386474609375,97.5966567993164,134.86859130859375,313.8999938964844,1299.4910888671875,187.81832885742188
2024-12-11,244.9251708984375,823.8387451171875,101.53633117675781,139.10223388671875,311.79998779296875,1288.9951171875,190.4211883544922
2024-12-12,246.38583374023438,818.439697265625,97.73593139648438,137.1351776123047,315.0,1305.9886474609375,187.94357299804688
2024-12-13,246.55474853515625,817.239990234375,101.97409057617188,134.0498046875,311.8999938964844,1306.9881591796875,197.29855346679688
2024-12-16,249.44627380371094,814.8404541015625,107.70452117919922,131.8031463623047,312.5,1298.4915771484375,198.50595092773438
2024-12-17,251.87075805664062,807.0420532226562,108.04278564453125,130.195556640625,305.29998779296875,1304.4891357421875,196.974609375
2024-12-18,246.47525024414062,801.64306640625,103.36689758300781,128.71775817871094,302.70001220703125,1322.482177734375,191.96826171875
2024-12-19,248.20420837402344,792.44482421875,86.64315032958984,130.48509216308594,296.20001220703125,1304.9888916015625,191.06515502929688
2024-12-20,252.87440490722656,786.64599609375,89.65760803222656,134.49911499023438,305.0,1289.4951171875,193.58795166015625
2024-12-23,253.64944458007812,784.0465087890625,89.25965881347656,139.4617156982422,310.3999938964844,1288.4954833984375,203.55154418945312
2024-12-24,256.56085205078125,793.6445922851562,88.82191467285156,140.0109100341797,312.70001220703125,1291.9940185546875,202.5404510498047
2024-12-26,257.3755798339844,793.6445922851562,89.359130859375,139.72132873535156,312.70001220703125,1291.9940185546875,199.3304901123047
2024-12-27,253.96739196777344,791.2451171875,88.17524719238281,136.8056640625,303.70001220703125,1290.4947509765625,197.92677307128906
2024-12-30,250.59889221191406,788.2456665039062,84.98255920410156,137.2849578857422,294.20001220703125,1284.4970703125,196.70953369140625
2024-12-31,248.8302001953125,792.8447875976562,83.83695983886719,134.08973693847656,302.29998779296875,1272.501708984375,193.86280822753906
2025-01-02,242.30191040039062,794.679443359375,86.99480438232422,138.1037139892578,315.20001220703125,1278.4993896484375,197.87770080566406
2025-01-03,241.8150177001953,793.2797241210938,89.52505493164062,144.2545623779297,323.6000061035156,1277.99951171875,204.77857971191406
2025-01-06,243.4446258544922,787.2806396484375,98.8790054321289,149.2071533203125,308.0,1290.4947509765625,215.9691925048828
2025-01-07,240.67233276367188,796.0792846679688,101.51883697509766,139.93099975585938,297.6000061035156,1299.990966796875,207.53695678710938
2025-01-08,241.1592254638672,787.8805541992188,99.02843475341797,139.90106201171875,290.5,1306.4884033203125,203.31594848632812
2025-01-09,241.1592254638672,781.08154296875,99.02843475341797,139.90106201171875,279.0,1298.125732421875,203.31594848632812
2025-01-10,235.34634399414062,774.0825805664062,98.95869445800781,135.7073211669922,278.6000061035156,1279.1312255859375,204.54298400878906
2025-01-13,232.91189575195312,764.0841674804688,94.69512939453125,133.03131103515625,270.0,1272.13330078125,197.66172790527344
2025-01-14,231.79901123046875,768.8834228515625,96.9863052368164,131.56350708007812,295.70001220703125,1273.133056640625,197.7500762939453
2025-01-15,236.35989379882812,780.6815795898438,102.7939224243164,136.03683471679688,316.29998779296875,1288.628662109375,203.0018310546875
2025-01-16,226.81089782714844,795.8792724609375,102.2061767578125,133.3708038330078,324.29998779296875,1306.12353515625,210.84506225585938
2025-01-17,228.5199737548828,793.4796752929688,105.3440933227539,137.504638671875,325.0,1315.6207275390625,207.61550903320312
2025-01-20,228.5199737548828,784.2810668945312,105.3440933227539,137.504638671875,327.1000061035156,1321.119140625,207.61550903320312
2025-01-21,221.2265625,790.8800659179688,108.96015930175781,140.61996459960938,330.6000061035156,1321.6190185546875,214.68325805664062
2025-01-22,222.40902709960938,776.0823364257812,108.81074523925781,146.85067749023438,328.6000061035156,1332.615966796875,219.10061645507812
2025-01-23,222.24008178710938,778.8818969726562,104.43758392333984,147.00047302246094,313.1000061035156,1336.1148681640625,220.49453735351562
2025-01-24,221.36569213867188,769.8832397460938,102.7939224243164,142.4073028564453,303.1000061035156,1329.61669921875,217.80487060546875
2025-01-27,228.40074157714844,773.8826293945312,90.76028442382812,118.24340057373047,304.20001220703125,1325.1180419921875,188.7779541015625
2025-01-28,236.7473907470703,781.4814453125,87.91126251220703,128.79763793945312,305.5,1327.117431640625,198.68263244628906
2025-01-29,237.8404083251953,782.8812866210938,88.66835021972656,123.51553344726562,300.3999938964844,1336.1148681640625,198.61392211914062
2025-01-30,236.08168029785156,794.8794555664062,92.14495086669922,124.464111328125,304.20001220703125,1328.6170654296875,204.32701110839844
2025-01-31,234.50173950195312,790.2801513671875,90.88978576660156,119.89094543457031,302.29998779296875,1347.6114501953125,205.47552490234375
2025-02-03,226.56246948242188,787.2806396484375,89.57485961914062,116.48603057861328,294.6000061035156,1334.6153564453125,196.13038635253906
2025-02-04,231.3220672607422,788.4804077148438,90.31201171875,118.47305297851562,302.0,1340.11376953125,200.3023223876953
2025-02-05,230.99417114257812,797.0791625976562,93.24073028564453,124.64382934570312,311.0,1328.6170654296875,204.73931884765625
2025-02-06,231.73941040039062,783.68115234375,94.1771240234375,128.4880828857422,325.0,1326.1177978515625,206.6338653564453
2025-02-07,226.1848907470703,775.682373046875,91.94573211669922,129.6463623046875,327.70001220703125,1318.1201171875,202.33432006835938
2025-02-10,226.45347595214844,780.881591796875,95.56178283691406,133.3708038330078,332.3999938964844,1321.119140625,204.13070678710938
2025-02-11,231.3973388671875,777.4821166992188,93.71887969970703,132.6019744873047,327.5,1315.120849609375,204.90618896484375
2025-02-12,235.62501525878906,774.2825927734375,91.32809448242188,130.94442749023438,312.5,1318.6199951171875,202.58953857421875
2025-02-13,240.26052856445312,787.0806274414062,95.2928237915039,135.08824157714844,316.70001220703125,1314.62109375,198.12310791015625
2025-02-14,243.3143768310547,781.2815551757812,99.13800048828125,138.6429443359375,315.20001220703125,1317.120361328125,200.1550750732422
2025-02-17,243.3143768310547,785.2808837890625,99.13800048828125,138.6429443359375,312.70001220703125,1324.1182861328125,200.1550750732422
2025-02-18,243.18505859375,779.2818603515625,106.3801040649414,139.19212341308594,304.8999938964844,1320.619384765625,199.0164031982422
2025-02-19,243.5829620361328,769.2833251953125,103.95941925048828,139.02235412597656,302.3999938964844,1319.1197509765625,197.25927734375
2025-02-20,244.5379180908203,765.683837890625,102.7839584350586,139.90106201171875,302.5,1303.6241455078125,196.42486572265625
2025-02-21,244.25936889648438,772.2828979492188,98.46060943603516,134.22950744628906,309.29998779296875,1297.6259765625,194.59902954101562
2025-02-24,245.80123901367188,782.4812622070312,95.04378509521484,130.08570861816406,312.0,1282.6302490234375,188.1300811767578
2025-02-25,245.74156188964844,785.4808349609375,92.86219024658203,126.44115447998047,323.79998779296875,1265.63525390625,185.89193725585938
2025-02-26,239.09666442871094,788.680419921875,97.33494567871094,131.084228515625,333.20001220703125,1285.1295166015625,191.04551696777344
2025-02-27,236.05276489257812,776.0823364257812,91.46755981445312,119.97081756591797,273.0,1265.13525390625,177.76400756835938
2025-02-28,240.5688934326172,775.4823608398438,93.2706069946289,124.73371124267578,259.79998779296875,1264.635498046875,177.2143096923828
2025-03-03,236.77891540527344,788.4804077148438,90.19247436523438,113.88990020751953,253.89999389648438,1284.6297607421875,169.7931671142578
2025-03-04,234.68994140625,780.28173828125,90.84993743896484,115.81702423095703,226.10000610351562,1257.1375732421875,176.69406127929688
2025-03-05,234.50096130371094,771.8829956054688,93.97789001464844,117.12506866455078,247.60000610351562,1255.13818359375,180.8954315185547
2025-03-06,234.09310913085938,775.282470703125,88.92735290527344,110.40510559082031,248.5,1221.14794921875,172.62026977539062
2025-03-07,237.81344604492188,782.2814331054688,92.60318756103516,112.52195739746094,251.5,1231.64501953125,173.84732055664062
2025-03-10,226.28436279296875,777.4821166992188,86.74575805664062,106.8204574584961,248.5,1219.1485595703125,167.5157470703125
2025-03-11,219.67926025390625,756.8851928710938,88.70819854736328,108.5978012084961,240.0,1194.655517578125,167.8299102783203
2025-03-12,215.83956909179688,758.2850341796875,95.27289581298828,115.57803344726562,230.3000030517578,1201.6536865234375,173.916015625
2025-03-13,208.5779266357422,751.885986328125,94.51581573486328,115.41825103759766,227.3000030517578,1195.155517578125,168.43850708007812
2025-03-14,212.36788940429688,762.88427734375,100.40312957763672,121.49972534179688,238.8000030517578,1198.1546630859375,170.89256286621094
2025-03-17,212.87521362304688,762.284423828125,102.71422576904297,119.36272430419922,238.89999389648438,1191.6566162109375,173.00311279296875
2025-03-18,211.5720977783203,753.0858154296875,101.3295669555664,115.26846313476562,258.70001220703125,1169.6629638671875,170.61239624023438
2025-03-19,214.1087188720703,753.0858154296875,101.66825866699219,117.35553741455078,262.6000061035156,1175.1612548828125,171.23321533203125
2025-03-20,212.97470092773438,754.0856323242188,102.60465240478516,118.36412048339844,265.0,1188.157470703125,174.88926696777344
2025-03-21,217.12277221679688,739.6878051757812,94.35643005371094,117.5352783203125,261.70001220703125,1188.6573486328125,174.16001892089844
2025-03-24,219.56985473632812,745.8869018554688,96.56791687011719,121.24009704589844,260.0,1200.154052734375,178.525634765625
2025-03-25,222.573974609375,756.2853393554688,93.8185043334961,120.5210952758789,249.8000030517578,1204.1529541015625,178.26937866210938
2025-03-26,220.36563110351562,743.4872436523438,91.7763671875,113.60079956054688,290.5,1209.6513671875,170.97698974609375
2025-03-27,222.67344665527344,741.887451171875,90.81009674072266,111.27405548095703,290.5,1204.6527099609375,165.79348754882812
2025-03-28,216.75473022460938,743.8871459960938,88.10054016113281,109.51651763916016,294.29998779296875,1212.150634765625,162.8469696044922
2025-03-31,220.9624786376953,744.087158203125,86.669189453125,108.22832489013672,281.3999938964844,1206.652099609375,163.5860595703125
2025-04-01,222.0169219970703,757.085205078125,88.48455810546875,109.99585723876953,279.6000061035156,1222.147705078125,166.1876678466797
2025-04-02,222.71324157714844,753.2857666015625,88.37483215332031,110.26546478271484,295.1000061035156,1229.6455078125,167.9122314453125
2025-04-03,202.12203979492188,769.2833251953125,74.15107727050781,101.65754699707031,298.0,1206.652099609375,155.0914306640625
2025-04-04,187.38987731933594,745.0870361328125,64.5555191040039,94.17801666259766,284.0,1188.6573486328125,144.66526794433594
2025-04-07,180.50625610351562,706.892822265625,68.19624328613281,97.50334930419922,269.3999938964844,1096.683837890625,144.04441833496094
2025-04-08,171.51376342773438,729.8892822265625,65.3734359741211,96.16523742675781,282.20001220703125,1134.6729736328125,139.31422424316406
2025-04-09,197.80484008789062,725.889892578125,77.67210388183594,114.17000579833984,272.3999938964844,1101.1826171875,156.4414825439453
2025-04-10,189.4191436767578,752.285888671875,69.87197875976562,107.4194564819336,282.5,1141.6708984375,148.93231201171875
2025-04-11,197.1085205078125,757.885009765625,69.37325286865234,110.77476501464844,287.70001220703125,1136.6722412109375,154.7957763671875
2025-04-14,201.45553588867188,772.6828002929688,70.83950805664062,110.55506896972656,303.79998779296875,1158.666015625,153.5738067626953
2025-04-15,201.07754516601562,793.0797119140625,70.8594741821289,112.04297637939453,314.20001220703125,1180.159912109375,155.0421600341797
2025-04-16,193.24893188476562,790.6801147460938,69.15381622314453,104.3437728881836,299.0,1174.661376953125,149.46446228027344
2025-04-17,195.94467163085938,798.2789916992188,68.62516021728516,101.34796905517578,298.0,1171.6622314453125,149.53341674804688
2025-04-21,192.14476013183594,798.2789916992188,66.57038879394531,96.7743911743164,298.0,1171.6622314453125,145.70985412597656
2025-04-22,198.69017028808594,802.0784301757812,70.03157043457031,98.75160217285156,287.8999938964844,1166.163818359375,149.19837951660156
2025-04-23,203.52462768554688,806.0777587890625,72.74466705322266,102.56625366210938,285.3999938964844,1187.65771484375,155.51516723632812
2025-04-24,207.27481079101562,814.8764038085938,77.2232437133789,106.28105163574219,282.20001220703125,1189.6571044921875,161.7925262451172
2025-04-25,208.18002319335938,813.4765625,79.57725524902344,110.85465240478516,275.3999938964844,1197.1549072265625,162.69915771484375
2025-04-28,209.03550720214844,810.4771118164062,78.3603515625,108.57784271240234,284.6000061035156,1205.6524658203125,161.02386474609375
2025-04-29,210.09988403320312,822.4752807617188,76.68462371826172,108.867431640625,283.5,1217.149169921875,162.08816528320312
2025-04-30,211.3831024169922,839.07275390625,76.75444030761719,108.76756286621094,281.29998779296875,1237.1434326171875,164.2660369873047
2025-05-01,212.1988067626953,849.671142578125,77.57235717773438,111.45381164550781,282.1000061035156,1244.641357421875,170.20834350585938
2025-05-02,204.27069091796875,862.4691772460938,80.5148696899414,114.33976745605469,274.20001220703125,1275.13232421875,176.67295837402344
2025-05-05,197.8446502685547,862.4691772460938,80.21562957763672,113.66072082519531,274.20001220703125,1275.13232421875,173.8348388671875
2025-05-06,197.46661376953125,861.4692993164062,80.30540466308594,113.38111114501953,263.5,1253.138671875,169.7747344970703
2025-05-07,195.21852111816406,864.8688354492188,82.41004943847656,116.89617919921875,257.70001220703125,1261.6363525390625,172.0018768310547
2025-05-08,196.45201110839844,864.4688720703125,84.93360137939453,117.20574951171875,261.0,1264.635498046875,172.6719970703125
2025-05-09,197.4865264892578,860.069580078125,85.64179992675781,116.48676300048828,262.6000061035156,1267.1346435546875,173.9530792236328
2025-05-12,209.95704650878906,850.2710571289062,92.05545806884766,122.82786560058594,263.79998779296875,1272.13330078125,184.26097106933594
2025-05-13,212.08860778808594,851.6708374023438,96.68367004394531,129.7481689453125,268.3999938964844,1288.128662109375,191.16903686523438
2025-05-14,211.490966796875,864.4688720703125,95.07776641845703,135.1505889892578,268.29998779296875,1279.1312255859375,191.92784118652344
2025-05-15,210.61444091796875,872.4676513671875,95.20743560791016,134.6413116455078,271.3999938964844,1230.1455078125,191.39569091796875
2025-05-16,210.42520141601562,878.4667358398438,97.75094604492188,135.21051025390625,271.29998779296875,1243.1416015625,191.39569091796875
2025-05-19,207.95501708984375,881.266357421875,98.39929962158203,135.3802947998047,271.3999938964844,1229.145751953125,190.68614196777344
2025-05-20,206.04258728027344,891.264892578125,97.85069274902344,134.19192504882812,280.0,1227.6461181640625,190.63690185546875
2025-05-21,201.2914276123047,891.264892578125,95.596435546875,131.61557006835938,277.1000061035156,1238.1431884765625,188.97146606445312
2025-05-22,200.56431579589844,897.4638671875,94.5890121459961,132.6441192626953,268.3999938964844,1246.6407470703125,193.33705139160156
2025-05-23,194.49838256835938,908.2622680664062,93.13272094726562,131.1062469482422,262.1000061035156,1237.1434326171875,189.18826293945312
2025-05-27,199.4188690185547,901.2633056640625,96.13506317138672,135.31036376953125,264.1000061035156,1248.64013671875,194.8053741455078
2025-05-28,199.62803649902344,899.863525390625,95.9355697631836,134.621337890625,260.20001220703125,1226.1466064453125,193.2877655029297
2025-05-29,199.15988159179688,798.4788818359375,96.55399322509766,138.9951934814453,261.29998779296875,1213.2239990234375,194.2830810546875
2025-05-30,200.05633544921875,793.8795776367188,94.2199478149414,134.94090270996094,263.20001220703125,1218.7227783203125,190.5087890625
2025-06-02,200.90298461914062,795.2794189453125,97.93048858642578,137.187744140625,253.10000610351562,1218.7227783203125,192.0066680908203
2025-06-03,202.46678161621094,800.0786743164062,101.99015045166016,141.02235412597656,243.5,1237.7183837890625,194.7364044189453
2025-06-04,202.0185546875,795.8792724609375,102.98760986328125,141.7213897705078,251.89999389648438,1230.719970703125,199.45675659179688
2025-06-05,199.8372039794922,789.6802368164062,106.01988220214844,139.79408264160156,253.8000030517578,1235.7188720703125,200.38307189941406
2025-06-06,203.11419677734375,789.8801879882812,108.28410339355469,141.52166748046875,256.6000061035156,1250.7154541015625,202.19630432128906
2025-06-09,200.65396118164062,792.2799072265625,110.66803741455078,142.43040466308594,255.0,1244.7169189453125,203.98985290527344
2025-06-10,201.86912536621094,807.87744140625,113.84992980957031,143.75852966308594,266.29998779296875,1257.7138671875,209.37046813964844
2025-06-11,197.99452209472656,810.8770141601562,115.7351303100586,142.64002990722656,263.0,1259.71337890625,210.9866180419922
2025-06-12,198.41285705566406,818.475830078125,115.88475036621094,144.80714416503906,263.5,1272.71044921875,213.0735321044922
2025-06-13,195.67372131347656,815.67626953125,115.30622100830078,141.78115844726562,255.0,1261.7130126953125,208.7908935546875
2025-06-16,197.6359405517578,812.0768432617188,119.53544616699219,144.49755859375,253.10000610351562,1282.7081298828125,213.32078552246094
2025-06-17,194.86692810058594,801.87841796875,120.03416442871094,143.9282989501953,244.5,1268.2115478515625,211.5602569580078
2025-06-18,195.80320739746094,808.2774658203125,121.51041412353516,145.28648376464844,239.1999969482422,1273.21044921875,211.1646270751953
2025-06-19,195.80320739746094,807.277587890625,121.51041412353516,145.28648376464844,232.5,1258.713623046875,211.1646270751953
2025-06-20,200.20574951171875,806.8776245117188,123.28589630126953,143.65867614746094,232.8000030517578,1255.71435546875,207.21827697753906
2025-06-23,200.70376586914062,812.0768432617188,121.7697525024414,143.97824096679688,230.10000610351562,1267.211669921875,208.01943969726562
2025-06-24,199.5084991455078,807.4775390625,127.58494567871094,147.70326232910156,239.8000030517578,1266.2119140625,217.6825408935547
2025-06-25,200.76351928710938,807.277587890625,126.9266128540039,154.10475158691406,233.1999969482422,1254.214599609375,220.30357360839844
2025-06-26,200.20574951171875,810.8770141601562,125.6797866821289,154.81381225585938,229.3000030517578,1246.216552734375,221.55966186523438
2025-06-27,200.28543090820312,821.0755004882812,124.44293975830078,157.5401611328125,229.39999389648438,1250.215576171875,226.06979370117188
2025-06-30,204.35926818847656,824.2750244140625,122.93677520751953,157.7798614501953,226.89999389648438,1250.215576171875,224.01254272460938
2025-07-01,206.99879455566406,821.2754516601562,120.58277893066406,153.09608459472656,240.3000030517578,1230.2200927734375,222.2223358154297
2025-07-02,211.6005401611328,810.677001953125,121.43061065673828,157.0408477783203,240.8000030517578,1204.22607421875,231.04476928710938
2025-07-03,212.70616149902344,819.4757080078125,121.97921752929688,159.1280517578125,245.8000030517578,1212.72412109375,232.2316436767578
2025-07-04,212.70616149902344,810.2771606445312,121.97921752929688,159.1280517578125,242.6999969482422,1211.724365234375,232.2316436767578
2025-07-07,209.12037658691406,819.2757568359375,119.72782897949219,158.02952575683594,234.1999969482422,1218.7227783203125,226.66322326660156
2025-07-08,209.18014526367188,813.0767211914062,124.22061920166016,159.78717041015625,233.39999389648438,1234.7191162109375,225.36756896972656
2025-07-09,210.30564880371094,812.0768432617188,122.04412078857422,162.66334533691406,235.8000030517578,1237.7183837890625,229.3040008544922
2025-07-10,211.57066345214844,820.0756225585938,122.9127197265625,163.88172912597656,242.3000030517578,1223.2216796875,227.24676513671875
2025-07-11,210.32559204101562,824.4749755859375,124.33045196533203,164.70062255859375,234.89999389648438,1223.2216796875,227.87977600097656
2025-07-14,207.79562377929688,829.8741455078125,118.41992950439453,163.8517608642578,232.6999969482422,1235.218994140625,226.168701171875
2025-07-15,208.28370666503906,829.6741333007812,119.91753387451172,170.4729461669922,234.5,1238.7181396484375,234.35812377929688
2025-07-16,209.32952880859375,822.6752319335938,116.24342346191406,171.14205932617188,235.5,1241.217529296875,234.96145629882812
2025-07-17,209.1901092529297,827.0745849609375,113.07850646972656,172.76988220214844,279.0,1258.713623046875,242.9134979248047
2025-07-18,210.3455047607422,827.8744506835938,114.20669555664062,172.18067932128906,311.0,1253.21484375,237.77037048339844
2025-07-21,211.64036560058594,827.2745971679688,113.04855346679688,171.1520538330078,315.3999938964844,1250.215576171875,236.2373504638672
2025-07-22,213.5527801513672,827.8744506835938,109.04498291015625,166.80783081054688,328.20001220703125,1255.2144775390625,232.03384399414062
2025-07-23,213.30377197265625,824.0750122070312,109.65400695800781,170.55284118652344,341.1000061035156,1245.2166748046875,237.701171875
2025-07-24,212.91531372070312,836.8731079101562,111.55095672607422,173.50892639160156,343.20001220703125,1247.716064453125,238.957275390625
2025-07-25,213.0348663330078,835.6732788085938,111.08171844482422,173.2692413330078,347.20001220703125,1263.2125244140625,242.9134979248047
2025-07-28,213.20416259765625,832.4736938476562,111.07173156738281,176.51490783691406,320.70001220703125,1262.7127685546875,240.09469604492188
2025-07-29,210.43516540527344,824.8748779296875,111.78058624267578,175.2765350341797,316.1000061035156,1257.2139892578125,238.6902313232422
2025-07-30,208.2239227294922,826.4746704101562,114.5561294555664,179.03155517578125,312.79998779296875,1200.2269287109375,240.2529296875
2025-07-31,206.74977111816406,837.2730712890625,108.96509552001953,177.6334228515625,315.8999938964844,1219.7225341796875,238.97705078125
2025-08-01,201.58030700683594,826.8745727539062,104.7119369506836,173.4889373779297,330.70001220703125,1202.726318359375,232.6371612548828
2025-08-04,202.5464630126953,833.2736206054688,107.59730529785156,179.76058959960938,349.1000061035156,1189.2294921875,236.38571166992188
2025-08-05,202.11814880371094,828.874267578125,108.8852310180664,178.02288818359375,340.0,1183.730712890625,229.92713928222656
2025-08-06,212.40733337402344,832.2738037109375,108.60568237304688,179.1813507080078,350.3999938964844,1186.2301025390625,228.8391571044922
2025-08-07,219.16055297851562,836.673095703125,111.69073486328125,180.52955627441406,380.0,1198.2274169921875,239.9661102294922
2025-08-08,228.4437255859375,818.8758544921875,118.69947814941406,182.4569854736328,395.6000061035156,1161.23583984375,239.1847381591797
2025-08-11,226.53909301757812,816.6761474609375,123.52174377441406,181.81784057617188,373.3999938964844,1150.7381591796875,239.44190979003906
2025-08-12,229.00210571289062,812.6767578125,127.5452880859375,182.9163818359375,358.6000061035156,1096.2506103515625,241.61782836914062
2025-08-13,232.6717529296875,811.6768798828125,124.07085418701172,181.3484649658203,353.79998779296875,1097.2503662109375,238.79901123046875
2025-08-14,232.12330627441406,812.4767456054688,125.08922576904297,181.77789306640625,371.0,1087.2525634765625,238.36383056640625
2025-08-15,230.93666076660156,803.8781127929688,120.67630767822266,180.20997619628906,359.8999938964844,1090.251953125,236.2670135498047
2025-08-18,230.23863220214844,811.6768798828125,123.35202026367188,181.7678985595703,353.29998779296875,1095.750732421875,238.7693634033203
2025-08-19,229.90957641601562,818.2759399414062,121.85441589355469,175.40638732910156,355.5,1109.74755859375,230.15460205078125
2025-08-20,225.3723907470703,826.6746215820312,117.02217102050781,175.1667022705078,357.70001220703125,1113.2467041015625,226.09947204589844
2025-08-21,224.26551818847656,823.275146484375,115.60444641113281,174.7472381591797,360.1000061035156,1102.249267578125,224.84335327148438
2025-08-22,227.11744689941406,824.0750122070312,117.49142456054688,177.7532501220703,358.70001220703125,1100.7496337890625,230.44143676757812
2025-08-25,226.5191650390625,824.0750122070312,116.23344421386719,179.57083129882812,358.70001220703125,1100.7496337890625,233.0130157470703
2025-08-26,228.6630859375,821.4754028320312,116.31331634521484,181.52822875976562,344.3999938964844,1087.2525634765625,236.10874938964844
2025-08-27,229.8397674560547,817.4760131835938,117.56131744384766,181.35845947265625,343.8999938964844,1088.7523193359375,236.6725311279297
2025-08-28,231.90391540527344,804.7478637695312,121.80450439453125,179.9303436279297,340.0,1084.753173828125,235.6636962890625
2025-08-29,231.485107421875,803.14794921875,118.81929779052734,173.94830322265625,336.6000061035156,1086.2528076171875,228.34461975097656
2025-09-01,231.485107421875,799.9481811523438,118.81929779052734,173.94830322265625,328.70001220703125,1085.7530517578125,228.34461975097656
2025-09-02,229.07192993164062,770.7500610351562,118.29014587402344,170.55284118652344,311.3999938964844,1067.757080078125,225.89175415039062
2025-09-03,237.79725646972656,775.94970703125,118.52975463867188,170.39305114746094,307.29998779296875,1082.2537841796875,228.85894775390625
2025-09-04,239.1035614013672,794.5485229492188,124.01095581054688,171.43167114257812,306.70001220703125,1074.255615234375,232.6371612548828
2025-09-05,239.0137939453125,803.7479248046875,131.1594696044922,166.7978515625,312.3999938964844,1084.753173828125,240.74746704101562
2025-09-08,237.2089080810547,804.5478515625,131.24935913085938,168.0861358642578,313.79998779296875,1088.7523193359375,244.48611450195312
2025-09-09,233.68887329101562,813.3473510742188,135.02330017089844,170.53286743164062,307.0,1098.2501220703125,248.17530822753906
2025-09-10,226.15020751953125,788.14892578125,139.77566528320312,177.09414672851562,306.1000061035156,1087.7525634765625,257.5911865234375
2025-09-11,229.3810577392578,783.3492431640625,150.32872009277344,176.94432067871094,300.0,1079.2545166015625,256.0779113769531
2025-09-12,233.40966796875,787.948974609375,156.97804260253906,177.59349060058594,240.3000030517578,1073.255859375,256.4932861328125
2025-09-15,236.03224182128906,788.14892578125,157.51718139648438,177.52359008789062,230.3000030517578,1065.257568359375,258.5209045410156
2025-09-16,237.4781494140625,778.9495239257812,158.5655059814453,174.65725708007812,225.5,1072.256103515625,260.0111389160156
2025-09-17,238.3157958984375,774.9497680664062,159.73362731933594,170.0730743408203,227.6999969482422,1085.253173828125,260.7354736328125
2025-09-18,237.2089080810547,782.9492797851562,168.61935424804688,176.01551818847656,230.89999389648438,1104.248779296875,266.53973388671875
2025-09-19,244.80740356445312,770.1500854492188,162.46922302246094,176.4449462890625,221.8000030517578,1099.7498779296875,262.7991943359375
2025-09-22,255.35755920410156,772.7499389648438,164.356201171875,183.37612915039062,221.8000030517578,1097.2503662109375,270.4985046386719
2025-09-23,253.71221923828125,768.7501831054688,166.14332580566406,178.2027130126953,223.39999389648438,1105.2486572265625,280.4997253417969
2025-09-24,251.59820556640625,766.150390625,161.4508819580078,176.74456787109375,231.10000610351562,1086.7528076171875,278.5153503417969
2025-09-25,256.1453552246094,760.95068359375,156.57870483398438,177.46365356445312,230.6999969482422,1079.2545166015625,274.4970397949219
2025-09-26,254.73931884765625,766.150390625,157.0179901123047,177.96302795410156,231.39999389648438,1069.756591796875,271.2228088378906
2025-09-29,253.71221923828125,776.9496459960938,163.63734436035156,181.6183624267578,223.5,1084.25341796875,271.0938720703125
2025-09-30,253.9116668701172,788.14892578125,167.0518798828125,186.3423309326172,225.0,1099.7498779296875,277.1064758300781
2025-10-01,254.72935485839844,773.9498291015625,181.85809326171875,187.0015106201172,231.60000610351562,1092.7513427734375,286.21466064453125
2025-10-02,256.40460205078125,776.3497314453125,183.45555114746094,188.64939880371094,226.5,1099.7498779296875,285.85748291015625
2025-10-03,257.2920837402344,781.7493286132812,187.64645385742188,187.38101196289062,231.8000030517578,1099.7498779296875,289.9056091308594
2025-10-06,255.96585083007812,781.7493286132812,190.7733917236328,185.30364990234375,225.39999389648438,1108.247802734375,300.0357971191406
2025-10-07,255.75643920898438,787.7489624023438,185.508544921875,184.80430603027344,225.8000030517578,1104.7486572265625,291.731201171875
2025-10-08,257.3320007324219,778.9495239257812,196.34793090820312,188.86911010742188,234.5,1110.2474365234375,302.13922119140625
2025-10-09,253.3233184814453,775.94970703125,192.1420440673828,192.32470703125,236.6999969482422,1111.7470703125,297.5354919433594
2025-10-10,244.57806396484375,767.5502319335938,181.4225311279297,182.92669677734375,234.0,1127.2435302734375,278.4657287597656
2025-10-13,246.96131896972656,765.5503540039062,192.5816192626953,188.0801239013672,236.6999969482422,1144.7396240234375,300.52197265625
2025-10-14,247.07101440429688,769.150146484375,186.87718200683594,179.80067443847656,234.39999389648438,1152.2379150390625,293.6263122558594
2025-10-15,248.63658142089844,774.9497680664062,191.75242614746094,179.60093688964844,238.39999389648438,1156.7369384765625,302.32769775390625
2025-10-16,246.75192260742188,776.1497192382812,202.33209228515625,181.57839965820312,239.5,1158.236572265625,297.4957580566406
2025-10-17,251.5782470703125,773.9498291015625,202.18223571777344,182.98660278320312,242.3000030517578,1129.7430419921875,292.77301025390625
2025-10-20,261.50018310546875,781.9493408203125,206.5679473876953,182.4073486328125,246.1999969482422,1137.7410888671875,295.37255859375
2025-10-21,262.0287170410156,796.9483642578125,202.09230041503906,180.9292449951172,250.5,1156.2369384765625,292.20745849609375
2025-10-22,257.72088623046875,809.947509765625,198.2760467529297,180.0503692626953,247.8000030517578,1174.7327880859375,286.6214904785156
2025-10-23,258.8476867675781,815.9471435546875,206.50799560546875,181.92796325683594,247.0,1164.735107421875,288.45703125
2025-10-24,262.07855224609375,814.1472778320312,218.8059844970703,186.02272033691406,245.89999389648438,1171.2335205078125,292.6539611816406
2025-10-27,268.0516662597656,809.947509765625,219.88491821289062,191.24607849121094,240.0,1166.234619140625,295.9182434082031
2025-10-28,268.2411193847656,809.3475952148438,221.69314575195312,200.77392578125,231.60000610351562,1174.23291015625,299.1725769042969
2025-10-29,268.93914794921875,793.548583984375,226.40853881835938,206.77627563476562,231.5,1143.7398681640625,302.7047119140625
2025-10-30,270.63433837890625,808.74755859375,223.7910919189453,202.63156127929688,220.0,1151.2381591796875,300.849365234375
2025-10-31,269.6072692871094,780.3494873046875,223.55133056640625,202.23207092285156,219.10000610351562,1149.238525390625,298.0811462402344
2025-11-03,268.29095458984375,778.74951171875,234.4706573486328,206.61647033691406,209.39999389648438,1170.733642578125,302.4765319824219
2025-11-04,269.2781982421875,769.5501098632812,217.81692504882812,198.43690490722656,210.89999389648438,1149.7384033203125,291.75103759765625
2025-11-05,269.3779296875,773.9498291015625,237.26791381835938,194.96136474609375,208.39999389648438,1161.23583984375,291.3442687988281
2025-11-06,269.0089416503906,798.5482177734375,238.09710693359375,187.84043884277344,199.1999969482422,1114.746337890625,286.9786376953125
2025-11-07,267.7126159667969,751.1513671875,237.68748474121094,187.9103240966797,197.0,1101.24951171875,284.2601013183594
2025-11-10,268.93035888671875,750.9513549804688,253.05245971679688,198.7964630126953,207.10000610351562,1103.2490234375,292.96148681640625
2025-11-11,274.73956298828125,729.352783203125,240.87437438964844,192.91395568847656,213.0,1125.743896484375,288.8935852050781
2025-11-12,272.9628601074219,702.554443359375,244.66067504882812,193.5531463623047,217.10000610351562,1125.2440185546875,288.3478698730469
2025-11-13,272.44384765625,691.9551391601562,236.71844482421875,186.62197875976562,218.5,1107.748046875,279.9937438964844
2025-11-14,271.9048156738281,690.9552001953125,246.5887908935547,189.92774963378906,225.0,1089.7520751953125,282.5932312011719
2025-11-17,266.9639892578125,676.55615234375,241.71356201171875,186.36231994628906,217.8000030517578,1080.7540283203125,279.80517578125
2025-11-18,266.9440612792969,672.556396484375,228.27670288085938,181.1289825439453,179.89999389648438,1075.7552490234375,275.73724365234375
2025-11-19,268.06195068359375,660.7572021484375,225.69921875,186.28240966796875,184.0,1088.7523193359375,280.1623840332031
2025-11-20,265.7562561035156,657.557373046875,201.1732177734375,180.40989685058594,187.60000610351562,1084.753173828125,275.3304443359375
2025-11-21,270.98651123046875,659.3572998046875,207.1673583984375,178.6521453857422,185.39999389648438,1064.2578125,272.9095153808594
2025-11-24,275.4083251953125,652.9577026367188,223.71116638183594,182.31747436523438,175.0,1088.25244140625,282.4146423339844
2025-11-25,276.4563903808594,645.3582153320312,224.3105926513672,177.59349060058594,175.1999969482422,1086.7528076171875,282.4543151855469
2025-11-26,277.0352783203125,642.3583984375,230.03497314453125,180.03038024902344,181.60000610351562,1064.2578125,287.6929931640625
2025-11-27,277.0352783203125,642.7583618164062,230.03497314453125,180.03038024902344,182.89999389648438,1071.756103515625,287.6929931640625
2025-11-28,278.3328857421875,638.9586181640625,236.24891662597656,176.7745361328125,184.35000610351562,1074.255615234375,289.23089599609375
2025-12-01,282.57501220703125,634.3589477539062,240.2250213623047,179.69081115722656,177.64999389648438,1073.7557373046875,285.4308776855469
2025-12-02,285.6592712402344,620.759765625,239.25596618652344,181.22886657714844,172.75,1063.2581787109375,289.8063659667969
2025-12-03,283.623046875,622.1597290039062,233.93118286132812,179.36123657226562,172.3000030517578,1062.7581787109375,293.14013671875
2025-12-04,280.179443359375,608.360595703125,226.4285125732422,183.1566162109375,184.25,1064.2578125,290.63983154296875
2025-12-05,278.26300048828125,607.9606323242188,236.98817443847656,182.1877899169922,184.75,1069.756591796875,292.41583251953125
2025-12-08,277.3746643066406,596.3613891601562,246.6787109375,185.323974609375,188.5,1067.2572021484375,299.5099182128906
2025-12-09,276.66595458984375,596.161376953125,252.17332458496094,184.7446746826172,194.75,1082.753662109375,301.03790283203125
2025-12-10,278.26300048828125,599.1611938476562,263.4522705078125,183.55612182617188,235.0,1072.256103515625,307.71527099609375
2025-12-11,277.514404296875,594.761474609375,258.2074279785156,180.70957946777344,220.1999969482422,1076.755126953125,303.2831726074219
2025-12-12,277.7639465332031,601.9609985351562,240.90435791015625,174.80679321289062,225.5,1071.756103515625,290.5390319824219
2025-12-15,273.6016540527344,620.9597778320312,237.26791381835938,176.0752410888672,231.6999969482422,1087.2525634765625,286.2611083984375
2025-12-16,274.1007385253906,609.3605346679688,232.2827911376953,177.50350952148438,234.89999389648438,1078.254638671875,285.39556884765625
2025-12-17,271.33587646484375,613.1602783203125,225.29962158203125,170.7317657470703,240.10000610351562,1085.7530517578125,275.5364990234375
2025-12-18,271.68524169921875,609.96044921875,248.30711364746094,173.9278564453125,252.6999969482422,1095.750732421875,283.2168273925781
2025-12-19,273.1625061035156,600.9610595703125,265.6601257324219,180.76951599121094,248.5,1084.25341796875,287.46490478515625
2025-12-22,270.4674987792969,595.9613647460938,276.3197021484375,183.4662322998047,244.39999389648438,1090.251953125,291.7726135253906
2025-12-23,271.85491943359375,590.5617065429688,276.0,188.97950744628906,241.89999389648438,1086.7528076171875,295.4237976074219
2025-12-24,273.3022155761719,586.5619506835938,286.3998718261719,188.38023376464844,241.8000030517578,1079.2545166015625,297.2642517089844
2025-12-26,272.8929748535156,586.5619506835938,284.51171875,190.2978973388672,241.8000030517578,1079.2545166015625,301.2834777832031
2025-12-29,273.2523498535156,584.7620849609375,294.2011413574219,187.99070739746094,239.8000030517578,1079.75439453125,299.3733825683594
2025-12-30,272.5735778808594,587.1619873046875,292.4621276855469,187.31153869628906,240.39999389648438,1083.253662109375,298.04022216796875
2025-12-31,271.3558349609375,586.362060546875,285.24627685546875,186.27281188964844,236.0,1082.753662109375,302.328125
2026-01-02,270.5074157714844,575.4000244140625,315.23907470703125,188.6199493408203,235.3000030517578,1049.7611083984375,317.96728515625
2026-01-05,266.7643737792969,584.7999877929688,311.970947265625,187.89083862304688,236.5,1063.2581787109375,320.5937194824219
2026-01-06,261.8734436035156,573.0,343.23297119140625,187.0119171142578,263.8999938964844,1065.757568359375,325.7471008300781
2026-01-07,259.8471984863281,568.5999755859375,339.355224609375,188.87962341308594,274.1000061035156,1081.75390625,317.0420837402344
2026-01-08,258.55963134765625,571.7999877929688,326.8323974609375,184.81459045410156,267.0,1068.899169921875,316.3755187988281
2026-01-09,258.8890075683594,593.5999755859375,344.8920593261719,184.63479614257812,271.70001220703125,1082.3978271484375,321.9666442871094
2026-01-12,259.76739501953125,581.7999877929688,345.6716003417969,184.71470642089844,288.5,1104.395751953125,330.0648193359375
2026-01-13,260.5658874511719,573.4000244140625,337.93603515625,185.58364868164062,288.70001220703125,1109.395263671875,329.5076599121094
2026-01-14,259.4779052734375,574.2000122070312,333.1587829589844,182.91688537597656,278.8999938964844,1053.9005126953125,325.4287414550781
2026-01-15,257.73114013671875,580.4000244140625,336.4368896484375,186.8221435546875,285.70001220703125,1039.4019775390625,339.88409423828125
2026-01-16,255.05613708496094,583.0,362.54193115234375,186.0031280517578,282.0,1053.9005126953125,340.6401672363281
2026-01-19,255.05613708496094,569.4000244140625,362.54193115234375,186.0031280517578,262.0,1035.9022216796875,340.6401672363281
2026-01-20,246.2425079345703,558.4000244140625,364.7906494140625,177.8530731201172,269.20001220703125,1041.4017333984375,325.4784851074219
2026-01-21,247.1907501220703,561.0,388.88677978515625,183.09669494628906,262.5,1024.9033203125,324.44384765625
2026-01-22,247.8894500732422,567.5999755859375,397.3518981933594,184.6148223876953,254.60000610351562,1022.4035034179688,325.6874084472656
2026-01-23,247.58001708984375,568.4000244140625,399.4207458496094,187.44137573242188,246.39999389648438,1028.9029541015625,333.14886474609375
2026-01-26,254.9363555908203,549.0,388.8667907714844,186.2428436279297,242.1999969482422,1042.901611328125,330.9999694824219
2026-01-27,257.791015625,548.7999877929688,410.0046691894531,188.29034423828125,244.8000030517578,989.506591796875,336.6010437011719
2026-01-28,255.96446228027344,556.7999877929688,435.03033447265625,191.2866973876953,245.6999969482422,995.3060913085938,340.5406799316406
2026-01-29,257.801025390625,535.2000122070312,435.5400390625,192.27548217773438,223.0,954.909912109375,337.8048095703125
2026-01-30,258.9988098144531,538.0,414.6419982910156,190.8971710205078,218.1999969482422,957.3096923828125,328.86102294921875
2026-02-02,269.5093078613281,531.7999877929688,437.5488586425781,185.38389587402344,211.6999969482422,965.5088500976562,339.6054992675781
2026-02-03,268.98028564453125,506.20001220703125,419.19940185546875,180.12030029296875,232.1999969482422,870.9178466796875,334.02435302734375
2026-02-04,275.97723388671875,497.8999938964844,379.182373046875,173.97779846191406,233.6999969482422,845.3202514648438,324.0657958984375
2026-02-05,275.3983459472656,484.79998779296875,382.6703796386719,171.6706085205078,229.89999389648438,871.1177978515625,329.0301513671875
2026-02-06,277.6042175292969,485.79998779296875,394.4635925292969,185.1841278076172,231.5,844.3203735351562,347.0570373535156
2026-02-09,274.3672180175781,474.3999938964844,383.2799987792969,189.80848693847656,229.3000030517578,840.5206909179688,353.58331298828125
2026-02-10,273.4280700683594,478.70001220703125,373.035888671875,188.31031799316406,226.60000610351562,845.7201538085938,360.0498962402344
2026-02-11,275.24639892578125,470.0,410.1046142578125,189.8184814453125,217.1999969482422,812.1233520507812,372.16729736328125
2026-02-12,261.4891052246094,457.1000061035156,413.7325439453125,186.7122802734375,220.1999969482422,793.5250854492188,366.20806884765625
2026-02-13,255.5445556640625,459.1000061035156,411.4238586425781,182.58731079101562,223.8000030517578,807.3238525390625,364.4770202636719
2026-02-16,255.5445556640625,457.29998779296875,411.4238586425781,182.58731079101562,220.0,788.1256713867188,364.4770202636719
2026-02-17,263.6371154785156,463.1000061035156,399.5506591796875,184.7446746826172,223.3000030517578,797.7247314453125,362.3281555175781
2026-02-18,264.106689453125,471.5,420.70855712890625,187.75099182128906,228.0,800.9244384765625,360.3981018066406
2026-02-19,260.3401184082031,473.29998779296875,417.110595703125,187.6710968017578,234.89999389648438,806.5238647460938,358.5377197265625
2026-02-20,264.3364562988281,481.0,427.92437744140625,189.58877563476562,235.0,819.1227416992188,368.63555908203125
2026-02-23,265.9349670410156,471.8999938964844,420.7285461425781,191.31666564941406,232.60000610351562,783.5260620117188,368.13812255859375
2026-02-24,271.8895263671875,471.5,417.7702331542969,192.61508178710938,234.3000030517578,786.7257690429688,383.7673645019531
2026-02-25,273.97760009765625,473.5,428.75390625,195.32176208496094,235.0,803.32421875,385.7371826171875
2026-02-26,272.6987609863281,485.70001220703125,415.3216247558594,184.66476440429688,220.0,835.3212280273438,374.8733215332031
2026-02-27,263.93682861328125,492.8999938964844,412.1334533691406,176.97415161132812,210.10000610351562,821.7224731445312,372.6547546386719
2026-03-02,264.476318359375,484.6000061035156,412.43328857421875,182.25770568847656,202.1999969482422,839.9207153320312,367.2128601074219
2026-03-03,263.5072326660156,474.5,379.46221923828125,179.83065795898438,192.5500030517578,847.320068359375,351.3150329589844
2026-03-04,262.2783508300781,472.1000061035156,400.5400695800781,182.8170166015625,201.0,833.3214111328125,355.6028747558594
2026-03-05,260.0504150390625,472.70001220703125,396.8222351074219,183.1166534423828,196.3000030517578,834.1212768554688,352.041259765625
2026-03-06,257.2229919433594,494.79998779296875,370.08758544921875,177.60337829589844,195.4499969482422,843.1204223632812,337.1482238769531
2026-03-09,259.6407775878906,483.20001220703125,389.0966796875,182.427490234375,195.1999969482422,841.7205810546875,346.9078063964844
2026-03-10,260.58990478515625,489.29998779296875,402.8787536621094,184.544921875,202.5,841.1206665039062,345.3060607910156
2026-03-11,260.5699157714844,486.20001220703125,418.4498291015625,185.8134307861328,201.39999389648438,829.9216918945312,352.7376708984375
2026-03-12,255.52456665039062,487.5,405.1174621582031,182.9268035888672,202.0,835.3212280273438,334.9794006347656
2026-03-13,249.8897705078125,494.79998779296875,425.8855895996094,180.0401611328125,198.35000610351562,839.9207153320312,336.5711669921875
2026-03-16,252.58729553222656,486.29998779296875,441.54656982421875,183.0067138671875,204.1999969482422,845.920166015625,338.4813537597656
2026-03-17,253.99598693847656,491.79998779296875,461.4251403808594,181.71820068359375,210.60000610351562,859.5188598632812,345.1716613769531
2026-03-18,249.70994567871094,483.5,461.46514892578125,180.1899871826172,203.0,837.1210327148438,338.7766418457031
2026-03-19,248.73085021972656,480.6000061035156,444.01513671875,178.3521270751953,195.75,839.520751953125,337.99847412109375
2026-03-20,247.76173400878906,473.20001220703125,422.65740966796875,172.4989471435547,191.64999389648438,843.5203857421875,328.47076416015625
2026-03-23,251.25851440429688,462.20001220703125,404.1180419921875,175.43553161621094,193.10000610351562,818.5227661132812,337.6592712402344
2026-03-24,251.4083709716797,459.79998779296875,395.3031311035156,174.99603271484375,187.64999389648438,804.5240478515625,342.4480285644531
2026-03-25,252.38746643066406,470.3999938964844,381.8708190917969,178.47198486328125,187.39999389648438,810.1235961914062,346.9375305175781
2026-03-26,252.6572265625,464.79998779296875,355.256103515625,171.04066467285156,188.0,814.5231323242188,325.3480529785156
2026-03-27,248.57098388671875,447.29998779296875,357.0151062011719,167.32498168945312,185.8000030517578,811.1234741210938,325.9765930175781
2026-03-30,246.40298461914062,458.1000061035156,321.75048828125,164.97772216796875,181.85000610351562,830.1217041015625,315.7605285644531
2026-03-31,253.55638122558594,469.5,337.7880554199219,174.1969757080078,180.0500030517578,837.720947265625,337.1604309082031
2026-04-01,255.3946990966797,469.20001220703125,367.7934265136719,175.54541015625,185.35000610351562,853.5194091796875,340.692138671875
2026-04-02,255.68443298339844,474.8999938964844,366.18365478515625,177.18348693847656,182.0,856.3192138671875,338.2478942871094
2026-04-06,258.6217041015625,474.8999938964844,377.701904296875,177.43319702148438,182.0,856.3192138671875,340.9615173339844
2026-04-07,253.26666259765625,469.1000061035156,377.52191162109375,177.89266967773438,188.5500030517578,854.3193969726562,344.5132141113281
2026-04-08,258.66168212890625,480.0,406.6674499511719,181.8680419921875,194.1999969482422,854.7193603515625,365.04510498046875
2026-04-09,260.2502136230469,473.8999938964844,421.4451904296875,183.69590759277344,192.5500030517578,835.7211303710938,364.6360778808594
2026-04-10,260.240234375,474.3999938964844,420.52532958984375,188.41041564941406,187.60000610351562,817.5228271484375,369.734130859375
2026-04-13,258.96142578125,471.79998779296875,426.4944152832031,189.08961486816406,179.89999389648438,840.920654296875,368.70654296875
2026-04-14,258.59173583984375,480.1000061035156,465.5884094238281,196.28123474121094,182.39999389648438,847.320068359375,379.00244140625
2026-04-15,266.18475341796875,495.29998779296875,456.15985107421875,198.63848876953125,191.4499969482422,868.718017578125,374.2236328125
2026-04-16,263.15753173828125,507.20001220703125,457.1596984863281,198.1190948486328,197.0,902.914794921875,362.5010681152344
2026-04-17,269.98126220703125,523.4000244140625,455.0000305175781,201.44520568847656,203.8000030517578,920.9130859375,369.6343688964844
2026-04-20,272.79864501953125,512.0,448.3510437011719,201.82476806640625,208.1999969482422,896.515380859375,365.3843078613281
2026-04-21,265.9250183105469,512.0,449.3109130859375,199.64732360839844,218.10000610351562,916.5134887695312,367.2200012207031
2026-04-22,272.9185791015625,508.3999938964844,487.4050598144531,202.26426696777344,217.6999969482422,924.11279296875,386.5347900390625
2026-04-23,273.1783142089844,505.0,481.64593505859375,199.4075927734375,203.89999389648438,888.1162109375,381.7659606933594
2026-04-24,270.81048583984375,504.3999938964844,496.64361572265625,208.0275421142578,210.60000610351562,902.7147827148438,401.5196838378906
2026-04-27,267.3636474609375,503.0,524.4793090820312,216.3578338623047,204.3000030517578,903.5147094726562,404.0338134765625
2026-04-28,270.4608154296875,505.6000061035156,504.21246337890625,212.92184448242188,201.60000610351562,890.3160400390625,391.42333984375
2026-04-29,269.92132568359375,508.3999938964844,518.3803100585938,209.00640869140625,193.64999389648438,882.1167602539062,392.90985107421875
2026-04-30,271.1002502441406,496.0,517.0804443359375,199.33767700195312,197.0,876.71728515625,395.1346435546875
2026-05-01,279.88214111328125,494.20001220703125,542.1266479492188,198.21897888183594,195.9499969482422,891.515869140625,396.74090576171875
2026-05-04,276.5751647949219,494.20001220703125,576.3613891601562,198.24893188476562,195.9499969482422,891.515869140625,400.6716613769531
2026-05-05,283.9184265136719,489.8999938964844,640.1015625,196.271240234375,194.64999389648438,908.5142211914062,393.488525390625
2026-05-06,287.245361328125,500.20001220703125,666.487548828125,207.5880584716797,201.5,886.5162963867188,418.5198974609375
2026-05-07,287.1754150390625,520.7999877929688,646.5305786132812,211.2537841796875,197.4499969482422,891.31591796875,413.182373046875
2026-05-08,293.0500183105469,519.0,746.6951293945312,214.94947814941406,197.1999969482422,876.71728515625,410.7181396484375
2026-05-11,292.67999267578125,510.0,795.2077026367188,219.18453979492188,195.6999969482422,874.3175048828125,403.5948486328125
2026-05-12,294.79998779296875,494.1000061035156,766.462158203125,220.52297973632812,187.5,878.717041015625,396.351806640625
2026-05-13,298.8699951171875,495.0,803.5064086914062,225.56710815429688,186.5,847.52001953125,398.86590576171875
2026-05-14,298.2099914550781,492.20001220703125,775.8906860351562,235.465576171875,186.39999389648438,854.9193115234375,416.7440490722656
2026-05-15,300.2300109863281,491.20001220703125,724.5485229492188,225.05770874023438,186.89999389648438,867.5181274414062,403.4053039550781
2026-05-18,297.8399963378906,503.20001220703125,681.4351806640625,222.0612030029297,198.39999389648438,882.1167602539062,395.0249328613281
2026-05-19,298.9700012207031,503.20001220703125,698.632568359375,220.35317993164062,194.0,907.914306640625,391.69268798828125
2026-05-20,302.25,496.29998779296875,731.87744140625,223.20985412597656,198.89999389648438,896.9153442382812,400.6816711425781
2026-05-21,304.989990234375,452.6000061035156,761.9827880859375,219.25445556640625,203.39999389648438,889.7160034179688,406.19873046875
2026-05-22,308.82000732421875,454.3999938964844,750.884521484375,215.07933044433594,205.0,878.717041015625,403.57489013671875
2026-05-26,308.3299865722656,439.20001220703125,895.7422485351562,214.60987854003906,209.39999389648438,875.9173583984375,411.3566589355469
2026-05-27,310.8500061035156,444.3999938964844,928.2672119140625,212.35250854492188,209.1999969482422,855.9192504882812,421.7423400878906
2026-05-28,312.510009765625,427.20001220703125,923.3779907226562,214.00057983398438,208.1999969482422,837.3209838867188,423.8673400878906
2026-05-29,312.05999755859375,441.5,970.8507080078125,210.8942108154297,223.0,842.320556640625,417.47235107421875
2026-06-01,306.30999755859375,451.1000061035156,1035.3408203125,224.09881591796875,201.0,907.5143432617188,434.6122131347656
2026-06-02,315.20001220703125,447.8999938964844,1063.936279296875,222.56060791015625,205.8000030517578,870.7178344726562,445.6463623046875
2026-06-03,310.260009765625,444.70001220703125,1079.4039306640625,214.5,205.1999969482422,853.1195068359375,435.66973876953125
2026-06-04,311.2300109863281,459.6000061035156,995.8468627929688,218.66000366210938,209.1999969482422,883.2000122070312,443.8805236816406
2026-06-05,307.3399963378906,468.70001220703125,863.8771362304688,205.10000610351562,199.89999389648438,870.0,414.20001220703125
2026-06-08,301.5400085449219,470.70001220703125,949.134033203125,208.63999938964844,205.0,862.2000122070312,425.8028259277344
2026-06-09,290.54998779296875,467.0,935.74609375,208.19000244140625,202.0,851.4000244140625,426.92022705078125
2026-06-10,291.5799865722656,468.8999938964844,891.7428588867188,200.4199981689453,200.0,850.2000122070312,407.7950134277344
2026-06-11,295.6300048828125,454.1000061035156,995.7168579101562,204.8699951171875,196.10000610351562,805.5999755859375,421.07000732421875
2026-06-12,291.1300048828125,463.70001220703125,981.4590454101562,205.19000244140625,197.6999969482422,818.4000244140625,423.92999267578125
2026-06-15,296.4200134277344,470.0,1087.8226318359375,212.4499969482422,192.39999389648438,826.5999755859375,441.3999938964844
2026-06-16,299.239990234375,476.79998779296875,1020.60302734375,207.41000366210938,190.60000610351562,823.2000122070312,425.8299865722656
2026-06-17,295.95001220703125,478.0,1043.029541015625,204.64999389648438,189.8000030517578,832.5999755859375,432.1499938964844
2026-06-18,298.010009765625,476.79998779296875,1133.8155517578125,210.69000244140625,187.0,802.7999877929688,462.1199951171875
2026-06-19,298.010009765625,478.0,1133.8155517578125,210.69000244140625,180.8000030517578,812.5999755859375,462.1199951171875
2026-06-22,297.010009765625,483.3999938964844,1211.1937255859375,208.64999389648438,170.60000610351562,802.0,467.6700134277344
2026-06-23,294.29998779296875,488.70001220703125,1051.6082763671875,200.0399932861328,173.60000610351562,806.2000122070312,436.3900146484375
2026-06-24,293.0799865722656,489.20001220703125,1048.3487548828125,199.0,178.10000610351562,808.4000244140625,440.8299865722656
2026-06-25,275.1499938964844,487.29998779296875,1213.3734130859375,195.74000549316406,172.8000030517578,796.2000122070312,434.989990234375
2026-06-26,283.7799987792969,490.5,1132.1558837890625,192.52999877929688,180.39999389648438,817.5999755859375,432.3500061035156
2026-06-29,281.739990234375,493.6000061035156,1145.1038818359375,194.97000122070312,179.10000610351562,825.2000122070312,455.1000061035156
2026-06-30,289.3599853515625,499.1000061035156,1154.112548828125,200.08999633789062,179.1999969482422,816.0,477.57000732421875
2026-07-01,294.3800048828125,511.20001220703125,1032.121337890625,197.5800018310547,189.1999969482422,846.5999755859375,444.2300109863281
2026-07-02,308.6300048828125,510.79998779296875,975.4099731445312,194.8300018310547,184.1999969482422,839.0,434.1600036621094
2026-07-03,308.6300048828125,503.3999938964844,975.4099731445312,194.8300018310547,183.6999969482422,834.0,434.1600036621094
2026-07-06,312.6600036621094,499.20001220703125,984.75,195.5500030517578,183.60000610351562,837.0,451.7900085449219
2026-07-07,310.6600036621094,501.20001220703125,938.3800048828125,196.92999267578125,175.60000610351562,845.0,432.57000732421875
2026-07-08,313.3900146484375,493.5,948.7999877929688,204.1199951171875,173.39999389648438,815.5999755859375,436.9800109863281
2026-07-09,316.2200012207031,491.20001220703125,991.6400146484375,202.77999877929688,176.39999389648438,830.5999755859375,436.9599914550781
2026-07-10,315.32000732421875,499.0,979.2999877929688,210.9600067138672,176.60000610351562,829.0,434.1099853515625
2026-07-13,317.30999755859375,499.70001220703125,937.0,203.52999877929688,175.1999969482422,856.4000244140625,421.5799865722656
2026-07-14,314.8599853515625,504.3999938964844,983.1199951171875,211.8000030517578,174.39999389648438,849.5999755859375,420.3900146484375
2026-07-15,327.5,515.2000122070312,904.280029296875,212.5,177.6999969482422,852.7999877929688,419.4800109863281
2026-07-16,333.260009765625,516.4000244140625,853.2000122070312,207.39999389648438,159.1999969482422,850.0,409.739990234375
2026-07-17,333.739990234375,498.29998779296875,848.9500122070312,202.80999755859375,165.1999969482422,845.5999755859375,398.3699951171875
